Molecular_Weight,Rotatable_Bonds,Aromatic_Bonds,ClogP,TPSA,name,standardized_mol
36909.576000000074,1000,43,-367.2394599999976,15846.379999999992,7vh0,<rdkit.Chem.rdchem.Mol object at 0x7f391c1e1900>
46718.85800000036,1000,64,-329.05514000001074,17137.49999999997,6me8,<rdkit.Chem.rdchem.Mol object at 0x7f391c1e1890>
